capture_20250618_063049.jpg,182,75,0
capture_20250618_063107.jpg,48,38,0
capture_20250618_063115.jpg,98,168,0
capture_20250618_063123.jpg,157,123,0
capture_20250618_063131.jpg,93,65,0
capture_20250618_063141.jpg,53,80,0
capture_20250618_063149.jpg,78,153,0
capture_20250618_063158.jpg,202,83,0
capture_20250618_063206.jpg,93,39,0
capture_20250618_063213.jpg,82,111,0
capture_20250618_063222.jpg,204,32,0
capture_20250618_063229.jpg,116,100,0
capture_20250618_063236.jpg,191,32,0
capture_20250618_063246.jpg,107,195,0
capture_20250618_063254.jpg,33,106,0
capture_20250618_063301.jpg,174,102,0
capture_20250618_063313.jpg,197,203,0
capture_20250618_063320.jpg,133,99,0
capture_20250618_063327.jpg,49,50,0
capture_20250618_063335.jpg,41,89,0
capture_20250618_063341.jpg,74,125,0
capture_20250618_063350.jpg,201,193,0
capture_20250618_063400.jpg,31,32,0
capture_20250618_063409.jpg,103,42,0
capture_20250618_063501.jpg,116,200,0
capture_20250618_063508.jpg,146,198,0
capture_20250618_063516.jpg,198,118,0
capture_20250618_063524.jpg,43,75,0
capture_20250618_063530.jpg,80,55,0
capture_20250618_063537.jpg,106,94,0
capture_20250618_063543.jpg,153,143,0
capture_20250618_063550.jpg,193,35,0
capture_20250618_063557.jpg,46,139,0
capture_20250618_063602.jpg,83,120,0
capture_20250618_063608.jpg,50,132,0
capture_20250618_063629.jpg,182,190,0
capture_20250618_063636.jpg,126,161,0
capture_20250618_063649.jpg,36,17,0
capture_20250618_063656.jpg,75,105,0
capture_20250618_063701.jpg,121,103,0
capture_20250618_063707.jpg,158,91,0
capture_20250618_063712.jpg,187,41,0
capture_20250618_063728.jpg,169,201,0
capture_20250618_063730.jpg,171,199,0
capture_20250618_063747.jpg,148,143,0
capture_20250618_063756.jpg,125,97,0
capture_20250618_063846.jpg,86,68,0
capture_20250618_063856.jpg,151,65,0
capture_20250618_063905.jpg,137,149,0
capture_20250618_063912.jpg,35,195,0
capture_20250618_063921.jpg,196,42,0
capture_20250618_063931.jpg,196,190,0
capture_20250618_063937.jpg,153,143,0
capture_20250618_063943.jpg,84,80,0
capture_20250618_063950.jpg,169,64,0
capture_20250618_063956.jpg,143,186,0
capture_20250618_064001.jpg,49,89,0
capture_20250618_064007.jpg,68,51,0
capture_20250618_064013.jpg,165,142,0
capture_20250618_064021.jpg,31,35,0
capture_20250618_064027.jpg,193,194,0
capture_20250618_064032.jpg,158,185,0
capture_20250618_064038.jpg,170,137,0
capture_20250618_064043.jpg,134,60,0
capture_20250618_064049.jpg,51,113,0
capture_20250618_064055.jpg,143,132,0
capture_20250618_064108.jpg,200,190,0
capture_20250618_064115.jpg,116,97,0
capture_20250618_064129.jpg,39,184,0
capture_20250618_064136.jpg,117,174,0
capture_20250618_064141.jpg,105,44,0
capture_20250618_064150.jpg,176,145,0
capture_20250618_064156.jpg,121,103,0
capture_20250618_064201.jpg,136,87,0
capture_20250618_064209.jpg,93,88,0
capture_20250618_064215.jpg,55,141,0
capture_20250618_064224.jpg,131,123,0
capture_20250618_064232.jpg,171,49,0
capture_20250618_064237.jpg,88,80,0
capture_20250618_064242.jpg,123,185,0
capture_20250618_064249.jpg,87,188,0
capture_20250618_064301.jpg,210,190,0
capture_20250618_064311.jpg,43,95,0
capture_20250618_064319.jpg,78,83,0
capture_20250618_064325.jpg,36,37,0
capture_20250618_064332.jpg,176,58,0
capture_20250618_064339.jpg,87,145,0
capture_20250618_064346.jpg,134,70,0
capture_20250618_064351.jpg,196,52,0
capture_20250618_064358.jpg,128,197,0
capture_20250618_064410.jpg,83,160,0
capture_20250618_064417.jpg,68,117,0
capture_20250618_064422.jpg,173,110,0
capture_20250618_064431.jpg,43,147,0
capture_20250618_064440.jpg,186,31,0
capture_20250618_064446.jpg,177,82,0
capture_20250618_064500.jpg,166,180,0
capture_20250618_064504.jpg,36,197,0
capture_20250618_064510.jpg,28,30,0
capture_20250618_064515.jpg,91,95,0
capture_20250618_064521.jpg,133,107,0
capture_20250618_064527.jpg,151,70,0
capture_20250618_064536.jpg,124,151,0
capture_20250618_064542.jpg,153,165,0
capture_20250618_064548.jpg,93,96,0
capture_20250618_064554.jpg,148,93,0
capture_20250618_064559.jpg,65,74,0
capture_20250618_064607.jpg,118,140,0
capture_20250618_064625.jpg,198,32,0
capture_20250618_064634.jpg,140,87,0
capture_20250618_064658.jpg,40,128,0
capture_20250618_064706.jpg,155,148,0
capture_20250618_064712.jpg,122,85,0
capture_20250618_064720.jpg,48,68,0
capture_20250618_064727.jpg,51,115,0
capture_20250618_064734.jpg,90,158,0
capture_20250618_064740.jpg,125,105,0
capture_20250618_064804.jpg,32,29,0
capture_20250618_064811.jpg,65,70,0
capture_20250618_064818.jpg,193,182,0
capture_20250618_064826.jpg,193,193,0
capture_20250618_064834.jpg,188,127,0
capture_20250618_064841.jpg,81,89,0
capture_20250618_064846.jpg,61,44,0
capture_20250618_064853.jpg,47,152,0
capture_20250618_064859.jpg,159,140,0
capture_20250618_064906.jpg,181,53,0
capture_20250618_064915.jpg,96,75,0
capture_20250618_064921.jpg,96,142,0
capture_20250618_064940.jpg,116,202,0
capture_20250618_064947.jpg,153,122,0
capture_20250618_064953.jpg,138,62,0
capture_20250618_064959.jpg,70,103,0
capture_20250618_065007.jpg,141,188,0
capture_20250618_065012.jpg,108,118,0
capture_20250618_065017.jpg,185,73,0
capture_20250618_065023.jpg,42,141,0
capture_20250618_065027.jpg,62,75,0
capture_20250618_065034.jpg,181,173,0
capture_20250618_065039.jpg,190,47,0
capture_20250618_065044.jpg,91,100,0
capture_20250618_065050.jpg,43,83,0
capture_20250618_065054.jpg,65,147,0
capture_20250618_065100.jpg,165,136,0
capture_20250618_065106.jpg,200,35,0
capture_20250618_065123.jpg,30,189,0
capture_20250618_065128.jpg,50,114,0
capture_20250618_065135.jpg,170,72,0
capture_20250618_065143.jpg,51,117,0
capture_20250618_065152.jpg,35,28,0
capture_20250618_065202.jpg,201,140,0
capture_20250618_065208.jpg,63,109,0
capture_20250618_065213.jpg,106,83,0
capture_20250618_065219.jpg,61,184,0
capture_20250618_065226.jpg,50,188,0
capture_20250618_065232.jpg,127,175,0
capture_20250618_065237.jpg,147,125,0
capture_20250618_065242.jpg,32,32,0
capture_20250618_065248.jpg,103,37,0
capture_20250618_065257.jpg,92,102,0
capture_20250618_065305.jpg,165,95,0
capture_20250618_065310.jpg,73,145,0
capture_20250618_065318.jpg,146,171,0
capture_20250618_065326.jpg,203,35,0
capture_20250618_065334.jpg,22,39,0
capture_20250618_065343.jpg,118,118,0
capture_20250618_065412.jpg,167,85,0
capture_20250618_065455.jpg,48,59,0
capture_20250618_065502.jpg,141,151,0
capture_20250618_065509.jpg,184,55,0
capture_20250618_065516.jpg,67,103,0
capture_20250618_065522.jpg,72,165,0
capture_20250618_065527.jpg,99,176,0
capture_20250618_065533.jpg,116,129,0
capture_20250618_065539.jpg,184,43,0
capture_20250618_065545.jpg,84,54,0
capture_20250618_065551.jpg,156,154,0
capture_20250618_065556.jpg,165,113,0
capture_20250618_065602.jpg,95,65,0
capture_20250618_065607.jpg,58,158,0
capture_20250618_065613.jpg,159,176,0
capture_20250618_065618.jpg,173,102,0
capture_20250618_065624.jpg,65,60,0
capture_20250618_065631.jpg,158,128,0
capture_20250618_065639.jpg,163,52,0
capture_20250618_065645.jpg,48,72,0
capture_20250618_065652.jpg,65,154,0
capture_20250618_065658.jpg,149,173,0
capture_20250618_065703.jpg,143,94,0
capture_20250618_065708.jpg,125,50,0
capture_20250618_065723.jpg,36,197,0
capture_20250618_065755.jpg,184,118,0
capture_20250618_065803.jpg,90,47,0
capture_20250618_065810.jpg,183,59,0
capture_20250618_065816.jpg,58,130,0
capture_20250618_065815.jpg,175,169,0
capture_20250618_065858.jpg,112,82,0
capture_20250618_065905.jpg,184,55,0
capture_20250618_065912.jpg,53,50,0
capture_20250618_065918.jpg,59,132,0
capture_20250618_065925.jpg,164,138,0
capture_20250618_065933.jpg,182,42,0
capture_20250618_065939.jpg,84,73,0
capture_20250618_065945.jpg,86,145,0
capture_20250618_065952.jpg,161,162,0
capture_20250618_065959.jpg,180,53,0
capture_20250618_070005.jpg,65,59,0
capture_20250618_070012.jpg,78,154,0
capture_20250618_070017.jpg,176,160,0
capture_20250618_070024.jpg,123,73,0
capture_20250618_070030.jpg,40,54,0
capture_20250618_070038.jpg,181,121,0
capture_20250618_070046.jpg,60,124,0
capture_20250618_070053.jpg,160,175,0
capture_20250618_070059.jpg,134,59,0
capture_20250618_070107.jpg,73,55,0
capture_20250618_070114.jpg,198,109,0
capture_20250618_070121.jpg,64,117,0
capture_20250618_070133.jpg,31,188,0
capture_20250618_070140.jpg,111,149,0
capture_20250618_070149.jpg,169,97,0
capture_20250618_070156.jpg,93,50,0
capture_20250618_070203.jpg,204,53,0
capture_20250618_070210.jpg,61,84,0
capture_20250618_070219.jpg,37,188,0
capture_20250618_070229.jpg,193,179,0
capture_20250618_070235.jpg,186,96,0
capture_20250618_070241.jpg,103,79,0
capture_20250618_070247.jpg,151,67,0
capture_20250618_070257.jpg,101,82,0
capture_20250618_070305.jpg,53,63,0
capture_20250618_070313.jpg,171,165,0
capture_20250618_070321.jpg,93,107,0
capture_20250618_070328.jpg,194,89,0
capture_20250618_070335.jpg,61,39,0
capture_20250618_070343.jpg,60,105,0
capture_20250618_070350.jpg,75,175,0
capture_20250618_070404.jpg,188,165,0
capture_20250618_070410.jpg,170,52,0
capture_20250618_070417.jpg,81,51,0
capture_20250618_070424.jpg,67,115,0
capture_20250618_070542.jpg,66,54,0
capture_20250618_070551.jpg,143,70,0
capture_20250618_070600.jpg,165,137,0
capture_20250618_070606.jpg,77,117,0
capture_20250618_070613.jpg,121,87,0
capture_20250618_070623.jpg,156,49,0
capture_20250618_070629.jpg,58,95,0
capture_20250618_070636.jpg,58,149,0
capture_20250618_070644.jpg,53,170,0
capture_20250618_070658.jpg,148,89,0
capture_20250618_070706.jpg,99,53,0
capture_20250618_070732.jpg,180,82,0
capture_20250618_070741.jpg,96,57,0
capture_20250618_070748.jpg,130,98,0
capture_20250618_070757.jpg,83,114,0
capture_20250618_070822.jpg,166,75,0
capture_20250618_070838.jpg,65,60,0
capture_20250618_070844.jpg,76,115,0
capture_20250618_070851.jpg,186,75,0
capture_20250618_070859.jpg,171,135,0
capture_20250618_070905.jpg,104,115,0
capture_20250618_070928.jpg,100,102,0
capture_20250618_070934.jpg,140,82,0
capture_20250618_070941.jpg,63,83,0
capture_20250618_070948.jpg,165,174,0
capture_20250618_071004.jpg,173,106,0
capture_20250618_071012.jpg,126,65,0
capture_20250618_071024.jpg,95,114,0
capture_20250618_071030.jpg,68,105,0
capture_20250618_071037.jpg,162,128,0
capture_20250618_071050.jpg,38,189,0
capture_20250618_071100.jpg,49,29,0
capture_20250618_071107.jpg,190,42,0
capture_20250618_071118.jpg,191,189,0
capture_20250618_071125.jpg,83,135,0
capture_20250618_071134.jpg,133,64,0
capture_20250618_071145.jpg,110,93,0
capture_20250618_071152.jpg,84,62,0
capture_20250618_071201.jpg,198,159,0
capture_20250618_071208.jpg,55,113,0
capture_20250618_071215.jpg,190,99,0
capture_20250618_071222.jpg,197,35,0
capture_20250618_071230.jpg,193,190,0
capture_20250618_071236.jpg,65,93,0
capture_20250618_071243.jpg,120,64,0
capture_20250618_071249.jpg,141,157,0
capture_20250618_071255.jpg,184,113,0
capture_20250618_071300.jpg,55,88,0
capture_20250618_071306.jpg,124,52,0
capture_20250618_071313.jpg,88,164,0
capture_20250618_071318.jpg,153,175,0
capture_20250618_071332.jpg,177,117,0
capture_20250618_071338.jpg,98,92,0
capture_20250618_071344.jpg,85,72,0
capture_20250618_071350.jpg,111,162,0
capture_20250618_071358.jpg,180,178,0
capture_20250618_071407.jpg,100,53,0
capture_20250618_071506.jpg,66,50,0
capture_20250618_071514.jpg,160,130,0
capture_20250618_071522.jpg,62,170,0
capture_20250618_071528.jpg,150,154,0
capture_20250618_071535.jpg,151,83,0
capture_20250618_071544.jpg,53,50,0
capture_20250618_071550.jpg,57,118,0
capture_20250618_071558.jpg,161,117,0
capture_20250618_071636.jpg,62,80,0
capture_20250618_071645.jpg,189,40,0
capture_20250618_071655.jpg,180,177,0
capture_20250618_071703.jpg,85,160,0
capture_20250618_071711.jpg,140,58,0
capture_20250618_071717.jpg,52,47,0
capture_20250618_071727.jpg,36,197,0
capture_20250618_071741.jpg,171,172,0
capture_20250618_071750.jpg,173,40,0
capture_20250618_071757.jpg,45,34,0
capture_20250618_071804.jpg,97,137,0
capture_20250618_071819.jpg,190,128,0
capture_20250618_071821.jpg,120,40,0
capture_20250618_071835.jpg,38,30,0
capture_20250618_071842.jpg,46,173,0
capture_20250618_071855.jpg,166,44,0
capture_20250618_071906.jpg,137,168,0
capture_20250618_071913.jpg,109,121,0
capture_20250618_071921.jpg,89,73,0
capture_20250618_071930.jpg,166,98,0
capture_20250618_071937.jpg,55,176,0
capture_20250618_071945.jpg,114,160,0
capture_20250618_071951.jpg,158,137,0
capture_20250618_071958.jpg,130,93,0
capture_20250618_072007.jpg,39,68,0
capture_20250618_072015.jpg,135,67,0
capture_20250618_072023.jpg,141,118,0
capture_20250618_072033.jpg,179,190,0
capture_20250618_072043.jpg,58,137,0
capture_20250618_072051.jpg,174,103,0
capture_20250618_072058.jpg,164,47,0
capture_20250618_072106.jpg,197,31,0
capture_20250618_072114.jpg,38,38,0
capture_20250618_072121.jpg,53,141,0
capture_20250618_072130.jpg,86,175,0
capture_20250618_072139.jpg,170,168,0
capture_20250618_072146.jpg,153,108,0
capture_20250618_072153.jpg,94,78,0
capture_20250618_072201.jpg,201,40,0
capture_20250618_072319.jpg,68,42,0
capture_20250618_072326.jpg,75,129,0
capture_20250618_072343.jpg,161,135,0
capture_20250618_072356.jpg,131,50,0
capture_20250618_072404.jpg,60,49,0
capture_20250618_072415.jpg,91,155,0
capture_20250618_072423.jpg,194,93,0
capture_20250618_072431.jpg,108,109,0
capture_20250618_072439.jpg,63,86,0
capture_20250618_072449.jpg,138,161,0
capture_20250618_072456.jpg,182,93,0
capture_20250618_072504.jpg,56,48,0
capture_20250618_072512.jpg,66,135,0
capture_20250618_072521.jpg,138,167,0
capture_20250618_072532.jpg,154,67,0
capture_20250618_072547.jpg,56,47,0
capture_20250618_072612.jpg,62,145,0
capture_20250618_072626.jpg,171,138,0
capture_20250618_072639.jpg,175,85,0
capture_20250618_072648.jpg,36,45,0
capture_20250618_072656.jpg,79,152,0
capture_20250618_072705.jpg,139,150,0
capture_20250618_072713.jpg,190,107,0
capture_20250618_072720.jpg,182,42,0
capture_20250618_072729.jpg,45,180,0
capture_20250618_072737.jpg,71,186,0
capture_20250618_072743.jpg,66,169,0
capture_20250618_072749.jpg,83,127,0
capture_20250618_072804.jpg,155,144,0
capture_20250618_072803.jpg,103,85,0
capture_20250618_072812.jpg,128,70,0
capture_20250618_072851.jpg,62,55,0
capture_20250618_072905.jpg,168,114,0
capture_20250618_072912.jpg,92,131,0
capture_20250618_072921.jpg,116,95,0
capture_20250618_072929.jpg,106,57,0
capture_20250618_072936.jpg,156,133,0
capture_20250618_072950.jpg,70,77,0
capture_20250618_072956.jpg,136,49,0
capture_20250618_073001.jpg,47,48,0
capture_20250618_073012.jpg,175,184,0
capture_20250618_073019.jpg,192,142,0
capture_20250618_073026.jpg,135,135,0
capture_20250618_073038.jpg,151,87,0
capture_20250618_073044.jpg,75,73,0
capture_20250618_073050.jpg,150,42,0
capture_20250618_073058.jpg,41,195,0
capture_20250618_073105.jpg,58,117,0
capture_20250618_073113.jpg,141,122,0
capture_20250618_073122.jpg,170,88,0
capture_20250618_073129.jpg,168,97,0
capture_20250618_073136.jpg,39,33,0
capture_20250618_073143.jpg,50,153,0
capture_20250618_073151.jpg,181,168,0
capture_20250618_073159.jpg,175,56,0
capture_20250618_073205.jpg,89,58,0
capture_20250618_073210.jpg,103,150,0
capture_20250618_073220.jpg,181,157,0
capture_20250618_073227.jpg,50,41,0
capture_20250618_073235.jpg,61,109,0
capture_20250618_073240.jpg,113,137,0
capture_20250618_073247.jpg,186,45,0
capture_20250618_073340.jpg,27,192,0
capture_20250618_073349.jpg,56,109,0
capture_20250618_073355.jpg,177,82,0
capture_20250618_073402.jpg,36,195,0
capture_20250618_073409.jpg,30,40,0
capture_20250618_073415.jpg,50,45,0
capture_20250618_073422.jpg,175,40,0
capture_20250618_073429.jpg,181,155,0
capture_20250618_073435.jpg,124,147,0
capture_20250618_073441.jpg,73,84,0
capture_20250618_073447.jpg,162,80,0
capture_20250618_073453.jpg,93,64,0
capture_20250618_073459.jpg,176,191,0
capture_20250618_073506.jpg,125,195,0
capture_20250618_073513.jpg,110,95,0
capture_20250618_073520.jpg,63,81,0
capture_20250618_073526.jpg,166,97,0
capture_20250618_073533.jpg,75,138,0
capture_20250618_073538.jpg,145,121,0
capture_20250618_073545.jpg,71,85,0
capture_20250618_073551.jpg,116,40,0
capture_20250618_073558.jpg,51,178,0
capture_20250618_073604.jpg,126,108,0
capture_20250618_073609.jpg,89,95,0
capture_20250618_073616.jpg,157,83,0
capture_20250618_073622.jpg,78,74,0
capture_20250618_073627.jpg,168,153,0
capture_20250618_073634.jpg,108,82,0
capture_20250618_073642.jpg,190,39,0
capture_20250618_073648.jpg,31,198,0
capture_20250618_073653.jpg,22,194,0
capture_20250618_073659.jpg,29,174,0
capture_20250618_073704.jpg,40,32,0
capture_20250618_073722.jpg,36,34,0
capture_20250618_073727.jpg,53,60,0
capture_20250618_073732.jpg,186,95,0
capture_20250618_073738.jpg,169,141,0
capture_20250618_073743.jpg,98,168,0
capture_20250618_073748.jpg,85,105,0
capture_20250618_073755.jpg,166,88,0
capture_20250618_073800.jpg,78,70,0
capture_20250618_073807.jpg,136,186,0
capture_20250618_073813.jpg,182,94,0
capture_20250618_073818.jpg,80,87,0
capture_20250618_073823.jpg,136,121,0
capture_20250618_073831.jpg,103,108,0
capture_20250618_073838.jpg,141,88,0
capture_20250618_073845.jpg,110,185,0
capture_20250618_073852.jpg,144,172,0
capture_20250618_073858.jpg,173,156,0
capture_20250618_073904.jpg,39,39,0
capture_20250618_073912.jpg,52,42,0
capture_20250618_073919.jpg,133,100,0
capture_20250618_073928.jpg,193,90,0
capture_20250618_073936.jpg,41,143,0
capture_20250618_073948.jpg,135,172,0
capture_20250618_073956.jpg,188,130,0
capture_20250618_074003.jpg,109,88,0
capture_20250618_074009.jpg,177,85,0
capture_20250618_074015.jpg,58,160,0
capture_20250618_074022.jpg,90,92,0
capture_20250618_074027.jpg,173,130,0
capture_20250618_074034.jpg,40,65,0
capture_20250618_074040.jpg,82,145,0
capture_20250618_074047.jpg,203,102,0
capture_20250618_074053.jpg,145,54,0
capture_20250618_074059.jpg,64,180,0
capture_20250618_074106.jpg,165,154,0
capture_20250618_074116.jpg,73,82,0
capture_20250618_074123.jpg,77,138,0
capture_20250618_074129.jpg,155,164,0
capture_20250618_074134.jpg,116,76,0
capture_20250618_074140.jpg,151,52,0
capture_20250618_074145.jpg,62,99,0
capture_20250618_074153.jpg,147,176,0
capture_20250618_074206.jpg,201,110,0
capture_20250618_074213.jpg,93,88,0
capture_20250618_074219.jpg,143,120,0
capture_20250618_074228.jpg,152,88,0
capture_20250618_074234.jpg,188,190,0
capture_20250618_074242.jpg,115,107,0
capture_20250618_074248.jpg,82,88,0
capture_20250618_074254.jpg,153,81,0
capture_20250618_074301.jpg,70,163,0
capture_20250618_074308.jpg,146,178,0
capture_20250618_074314.jpg,136,114,0
capture_20250618_074320.jpg,156,74,0
capture_20250618_074325.jpg,58,58,0
capture_20250618_074332.jpg,58,122,0
capture_20250618_074338.jpg,188,129,0
capture_20250618_074347.jpg,180,194,0
capture_20250618_074353.jpg,102,107,0
capture_20250618_074359.jpg,81,72,0
capture_20250618_074407.jpg,157,78,0
capture_20250618_075544.jpg,52,59,1
capture_20250618_075618.jpg,137,121,1
capture_20250618_075625.jpg,83,82,1
capture_20250618_075633.jpg,159,64,1
capture_20250618_075639.jpg,108,44,1
capture_20250618_075645.jpg,131,150,1
capture_20250618_075656.jpg,48,159,1
capture_20250618_075703.jpg,178,167,1
capture_20250618_075709.jpg,190,84,1
capture_20250618_075714.jpg,121,55,1
capture_20250618_075720.jpg,45,96,1
capture_20250618_075727.jpg,40,22,1
capture_20250618_075735.jpg,162,190,1
capture_20250618_075741.jpg,55,140,1
capture_20250618_075747.jpg,132,102,1
capture_20250618_075752.jpg,81,79,1
capture_20250618_075759.jpg,168,74,1
capture_20250618_075805.jpg,44,141,1
capture_20250618_075811.jpg,206,169,1
capture_20250618_075816.jpg,121,119,1
capture_20250618_075821.jpg,155,76,1
capture_20250618_075826.jpg,67,77,1
capture_20250618_075831.jpg,105,152,1
capture_20250618_075836.jpg,164,94,1
capture_20250618_075841.jpg,71,77,1
capture_20250618_075847.jpg,134,120,1
capture_20250618_075854.jpg,57,131,1
capture_20250618_075900.jpg,172,114,1
capture_20250618_075907.jpg,160,56,1
capture_20250618_075912.jpg,88,60,1
capture_20250618_075917.jpg,105,145,1
capture_20250618_075921.jpg,175,135,1
capture_20250618_075927.jpg,73,74,1
capture_20250618_075933.jpg,48,157,1
capture_20250618_075950.jpg,39,178,1
capture_20250618_075955.jpg,119,153,1
capture_20250618_080002.jpg,177,74,1
capture_20250618_080009.jpg,40,33,1
capture_20250618_080014.jpg,154,50,1
capture_20250618_080020.jpg,107,107,1
capture_20250618_080026.jpg,62,134,1
capture_20250618_080032.jpg,132,162,1
capture_20250618_080038.jpg,197,95,1
capture_20250618_080043.jpg,52,72,1
capture_20250618_080048.jpg,145,134,1
capture_20250618_080053.jpg,190,46,1
capture_20250618_080058.jpg,176,156,1
capture_20250618_080104.jpg,60,128,1
capture_20250618_080110.jpg,113,97,1
capture_20250618_080115.jpg,79,62,1
capture_20250618_080120.jpg,148,163,1
capture_20250618_080124.jpg,98,105,1
capture_20250618_080129.jpg,158,104,1
capture_20250618_080135.jpg,37,132,1
capture_20250618_080140.jpg,143,178,1
capture_20250618_080148.jpg,185,136,1
capture_20250618_080154.jpg,167,99,1
capture_20250618_080217.jpg,84,56,1
capture_20250618_080223.jpg,126,54,1
capture_20250618_080228.jpg,60,67,1
capture_20250618_080234.jpg,143,147,1
capture_20250618_080239.jpg,183,91,1
capture_20250618_080243.jpg,77,78,1
capture_20250618_080249.jpg,176,44,1
capture_20250618_080257.jpg,25,195,1
capture_20250618_080302.jpg,105,196,1
capture_20250618_080307.jpg,110,181,1
capture_20250618_080313.jpg,168,146,1
capture_20250618_080317.jpg,119,107,1
capture_20250618_080322.jpg,187,41,1
capture_20250618_080327.jpg,85,68,1
capture_20250618_080332.jpg,69,57,1
capture_20250618_080338.jpg,102,129,1
capture_20250618_080343.jpg,173,106,1
capture_20250618_080348.jpg,84,67,1
capture_20250618_080352.jpg,70,145,1
capture_20250618_080357.jpg,153,134,1
capture_20250618_080402.jpg,187,77,1
capture_20250618_080407.jpg,158,47,1
capture_20250618_080416.jpg,187,169,1
capture_20250618_080420.jpg,148,151,1
capture_20250618_080424.jpg,73,100,1
capture_20250618_080429.jpg,130,77,1
capture_20250618_080437.jpg,159,55,1
capture_20250618_080443.jpg,65,50,1
capture_20250618_080448.jpg,71,131,1
capture_20250618_080453.jpg,75,74,1
capture_20250618_080459.jpg,122,152,1
capture_20250618_080508.jpg,156,126,1
capture_20250618_080516.jpg,139,82,1
capture_20250618_080521.jpg,137,52,1
capture_20250618_080526.jpg,67,89,1
capture_20250618_080531.jpg,108,132,1
capture_20250618_080536.jpg,143,95,1
capture_20250618_080542.jpg,176,46,1
capture_20250618_080549.jpg,43,64,1
capture_20250618_080558.jpg,91,64,1
capture_20250618_080604.jpg,171,142,1
capture_20250618_080610.jpg,85,112,1
capture_20250618_080616.jpg,165,133,1
capture_20250618_080621.jpg,148,69,1
capture_20250618_080625.jpg,179,50,1
capture_20250618_080631.jpg,45,92,1
capture_20250618_080637.jpg,148,173,1
capture_20250618_080644.jpg,178,164,1
capture_20250618_080652.jpg,172,98,1
capture_20250618_080657.jpg,95,72,1
capture_20250618_080702.jpg,130,62,1
capture_20250618_080707.jpg,62,107,1
capture_20250618_080712.jpg,99,150,1
capture_20250618_080717.jpg,38,177,1
capture_20250618_080725.jpg,34,187,1
capture_20250618_080733.jpg,185,31,1
capture_20250618_080739.jpg,179,42,1
capture_20250618_080746.jpg,161,78,1
capture_20250618_080751.jpg,160,127,1
capture_20250618_080758.jpg,75,52,1
capture_20250618_080804.jpg,113,137,1
capture_20250618_080809.jpg,72,106,1
capture_20250618_080817.jpg,126,105,1
capture_20250618_080822.jpg,91,77,1
capture_20250618_080829.jpg,188,169,1
capture_20250618_080835.jpg,145,115,1
capture_20250618_080843.jpg,57,123,1
capture_20250618_080851.jpg,161,102,1
capture_20250618_080857.jpg,76,47,1
capture_20250618_080905.jpg,123,26,1
capture_20250618_080910.jpg,165,35,1
capture_20250618_080918.jpg,132,183,1
capture_20250618_080959.jpg,160,174,1
capture_20250618_081005.jpg,179,177,1
capture_20250618_081011.jpg,121,85,1
capture_20250618_081017.jpg,85,84,1
capture_20250618_081023.jpg,164,107,1
capture_20250618_081028.jpg,103,83,1
capture_20250618_081034.jpg,165,64,1
capture_20250618_081049.jpg,42,49,1
capture_20250618_081056.jpg,68,111,1
capture_20250618_081102.jpg,92,150,1
capture_20250618_081108.jpg,147,125,1
capture_20250618_081115.jpg,123,73,1
capture_20250618_081121.jpg,185,47,1
capture_20250618_081128.jpg,117,46,1
capture_20250618_081136.jpg,72,79,1
capture_20250618_081141.jpg,70,139,1
capture_20250618_081147.jpg,140,164,1
capture_20250618_081153.jpg,173,140,1
capture_20250618_081159.jpg,176,85,1
capture_20250618_081206.jpg,155,75,1
capture_20250618_081211.jpg,102,76,1
capture_20250618_081217.jpg,75,70,1
capture_20250618_081222.jpg,122,102,1
capture_20250618_081231.jpg,85,122,1
capture_20250618_081239.jpg,123,100,1
capture_20250618_081247.jpg,88,74,1
capture_20250618_081253.jpg,145,111,1
capture_20250618_081300.jpg,40,155,1
capture_20250618_081309.jpg,102,172,1
capture_20250618_081338.jpg,173,99,1
capture_20250618_081345.jpg,125,59,1
capture_20250618_081351.jpg,73,76,1
capture_20250618_081357.jpg,116,144,1
capture_20250618_081406.jpg,73,146,1
capture_20250618_081412.jpg,181,109,1
capture_20250618_081419.jpg,140,36,1
capture_20250618_081425.jpg,58,54,1
capture_20250618_081432.jpg,63,122,1
capture_20250618_081436.jpg,108,156,1
capture_20250618_081443.jpg,160,126,1
capture_20250618_081450.jpg,157,74,1
capture_20250618_081455.jpg,113,56,1
capture_20250618_081501.jpg,67,94,1
capture_20250618_081508.jpg,147,120,1
capture_20250618_081541.jpg,47,96,1
capture_20250618_081548.jpg,130,86,1
capture_20250618_081555.jpg,114,148,1
capture_20250618_081601.jpg,133,117,1
capture_20250618_081607.jpg,121,60,1
capture_20250618_081612.jpg,157,34,1
capture_20250618_081619.jpg,65,67,1
capture_20250618_081630.jpg,88,140,1
capture_20250618_081639.jpg,139,147,1
capture_20250618_081645.jpg,180,89,1
capture_20250618_081659.jpg,110,47,1
capture_20250618_081705.jpg,75,69,1
capture_20250618_081712.jpg,117,161,1
capture_20250618_081739.jpg,80,87,1
capture_20250618_081747.jpg,169,92,1
capture_20250618_081759.jpg,166,32,1
capture_20250618_081806.jpg,173,99,1
capture_20250618_081812.jpg,103,114,1
capture_20250618_081817.jpg,177,151,1
capture_20250618_081823.jpg,82,70,1
capture_20250618_081830.jpg,176,49,1
capture_20250618_081836.jpg,81,57,1
capture_20250618_081842.jpg,95,117,1
capture_20250618_081849.jpg,181,177,1
capture_20250618_081855.jpg,182,146,1
capture_20250618_081901.jpg,82,129,1
capture_20250618_081907.jpg,151,92,1
capture_20250618_081915.jpg,106,53,1
capture_20250618_081920.jpg,93,113,1
capture_20250618_081925.jpg,158,144,1
capture_20250618_081931.jpg,78,134,1
capture_20250618_081950.jpg,87,70,1
capture_20250618_082003.jpg,163,46,1
capture_20250618_082029.jpg,89,37,1
capture_20250618_082035.jpg,163,162,1
capture_20250618_082041.jpg,173,152,1
capture_20250618_082049.jpg,81,138,1
capture_20250618_082057.jpg,97,94,1
capture_20250618_082103.jpg,153,85,1
capture_20250618_082110.jpg,77,90,1
capture_20250618_082116.jpg,104,173,1
capture_20250618_082123.jpg,187,144,1
capture_20250618_082135.jpg,191,52,1
capture_20250618_082142.jpg,129,47,1
capture_20250618_082147.jpg,88,110,1
capture_20250618_082153.jpg,111,144,1
capture_20250618_082200.jpg,175,149,1
capture_20250618_082207.jpg,111,92,1
capture_20250618_082213.jpg,166,110,1
capture_20250618_082226.jpg,62,79,1
capture_20250618_082225.jpg,182,172,1
capture_20250618_082231.jpg,125,136,1
capture_20250618_082239.jpg,149,118,1
capture_20250618_082246.jpg,85,98,1
capture_20250618_082252.jpg,134,97,1
capture_20250618_082300.jpg,83,65,1
capture_20250618_082306.jpg,155,150,1
capture_20250618_082312.jpg,54,176,1
capture_20250618_082318.jpg,71,132,1
capture_20250618_082325.jpg,166,139,1
capture_20250618_082332.jpg,107,69,1
capture_20250618_082342.jpg,148,65,1
capture_20250618_082349.jpg,155,47,1
capture_20250618_082355.jpg,81,81,1
capture_20250618_082400.jpg,72,46,1
capture_20250618_082412.jpg,102,145,1
capture_20250618_082418.jpg,158,146,1
capture_20250618_082425.jpg,198,90,1
capture_20250618_082457.jpg,74,40,1
capture_20250618_082505.jpg,86,90,1
capture_20250618_082511.jpg,145,101,1
capture_20250618_082522.jpg,132,155,1
capture_20250618_082528.jpg,73,132,1
capture_20250618_082643.jpg,52,45,1
capture_20250618_082651.jpg,183,52,1
capture_20250618_082736.jpg,122,60,1
capture_20250618_082803.jpg,73,119,1
capture_20250618_082812.jpg,123,154,1
capture_20250618_082836.jpg,181,115,1
capture_20250618_082957.jpg,97,51,1
capture_20250618_083004.jpg,117,120,1
capture_20250618_083012.jpg,195,132,1
capture_20250618_083019.jpg,171,32,1
capture_20250618_083029.jpg,101,44,1
capture_20250618_083045.jpg,80,101,1
capture_20250618_083053.jpg,85,161,1
capture_20250618_083100.jpg,151,131,1
capture_20250618_083107.jpg,159,86,1
capture_20250618_083112.jpg,125,54,1
capture_20250618_083123.jpg,157,30,1
capture_20250618_083130.jpg,96,80,1
capture_20250618_083137.jpg,88,117,1
capture_20250618_083151.jpg,122,164,1
capture_20250618_083209.jpg,175,133,1
capture_20250618_083244.jpg,63,27,1
capture_20250618_083253.jpg,171,35,1
capture_20250618_083259.jpg,173,77,1
capture_20250618_083305.jpg,135,109,1
capture_20250618_083313.jpg,89,82,1
capture_20250618_083353.jpg,183,161,1
capture_20250618_083419.jpg,102,110,1
capture_20250618_083426.jpg,167,83,1
capture_20250618_083441.jpg,177,51,1
capture_20250618_083446.jpg,58,120,1
capture_20250618_083454.jpg,110,187,1
capture_20250618_083501.jpg,170,122,1
capture_20250618_083508.jpg,78,70,1
capture_20250618_083515.jpg,150,88,1
capture_20250618_083526.jpg,44,109,1
capture_20250618_083533.jpg,72,156,1
capture_20250618_083540.jpg,161,149,1
capture_20250618_083547.jpg,170,104,1
capture_20250618_083557.jpg,122,41,1
capture_20250618_084305.jpg,92,117,1
capture_20250618_084318.jpg,188,92,1
capture_20250618_084324.jpg,151,46,1
capture_20250618_084331.jpg,64,164,1
capture_20250618_084340.jpg,144,143,1
capture_20250618_084347.jpg,162,97,1
capture_20250618_084354.jpg,120,83,1
capture_20250618_084400.jpg,73,87,1
capture_20250618_084406.jpg,115,149,1
capture_20250618_084412.jpg,152,152,1
capture_20250618_084418.jpg,174,57,1
capture_20250618_084424.jpg,101,61,1
capture_20250618_084431.jpg,65,76,1
capture_20250618_084443.jpg,86,154,1
capture_20250618_084450.jpg,157,161,1
capture_20250618_084458.jpg,172,74,1
capture_20250618_084509.jpg,110,49,1
capture_20250618_084516.jpg,112,104,1
capture_20250618_084522.jpg,147,151,1
capture_20250618_084529.jpg,107,127,1
capture_20250618_084622.jpg,175,52,1
capture_20250618_084642.jpg,108,165,1
capture_20250618_084716.jpg,77,102,1
capture_20250618_084724.jpg,176,52,1
capture_20250618_084736.jpg,60,172,1
capture_20250618_084852.jpg,195,164,1
capture_20250618_084900.jpg,122,102,1
capture_20250618_084915.jpg,147,52,1
capture_20250618_084920.jpg,93,94,1
capture_20250618_084927.jpg,75,145,1
capture_20250618_084935.jpg,105,175,1
capture_20250618_084944.jpg,168,136,1
capture_20250618_084952.jpg,125,46,1
capture_20250618_084959.jpg,74,50,1
capture_20250618_085006.jpg,43,197,1
capture_20250618_085013.jpg,102,181,1
capture_20250618_085020.jpg,132,156,1
capture_20250618_085026.jpg,90,101,1
capture_20250618_085032.jpg,153,49,1
capture_20250618_085038.jpg,67,92,1
capture_20250618_085046.jpg,128,185,1
capture_20250618_085052.jpg,180,160,1
capture_20250618_085058.jpg,123,80,1
capture_20250618_085104.jpg,69,79,1
capture_20250618_085110.jpg,168,119,1
capture_20250618_085116.jpg,58,147,1
capture_20250618_085122.jpg,115,160,1
capture_20250618_085129.jpg,177,80,1
capture_20250618_085138.jpg,105,70,1
capture_20250618_085145.jpg,142,153,1
capture_20250618_085201.jpg,70,124,1
capture_20250618_085208.jpg,185,88,1
capture_20250618_085223.jpg,144,169,1
capture_20250618_085231.jpg,178,144,1
capture_20250618_085238.jpg,68,95,1
capture_20250618_085245.jpg,132,82,1
capture_20250618_085301.jpg,78,44,1
capture_20250618_085306.jpg,142,105,1
capture_20250618_085313.jpg,68,115,1
capture_20250618_085320.jpg,113,166,1
capture_20250618_085327.jpg,183,115,1
capture_20250618_085335.jpg,133,59,1
capture_20250618_085341.jpg,80,49,1
capture_20250618_085348.jpg,74,164,1
capture_20250618_085354.jpg,103,170,1
capture_20250618_085400.jpg,146,110,1
capture_20250618_085407.jpg,70,24,1
capture_20250618_085413.jpg,64,155,1
capture_20250618_085418.jpg,132,160,1
capture_20250618_085424.jpg,167,81,1
capture_20250618_085437.jpg,42,32,1
capture_20250618_085442.jpg,56,69,1
capture_20250618_085447.jpg,88,126,1
capture_20250618_085452.jpg,150,100,1
capture_20250618_085457.jpg,149,64,1
capture_20250618_085503.jpg,88,139,1
capture_20250618_085510.jpg,141,167,1
capture_20250618_085527.jpg,62,129,1
capture_20250618_085536.jpg,93,70,1
capture_20250618_085544.jpg,135,62,1
capture_20250618_085553.jpg,128,107,1
capture_20250618_085601.jpg,96,112,1
capture_20250618_085612.jpg,124,153,1
capture_20250618_085623.jpg,203,69,1
capture_20250618_085629.jpg,117,45,1
capture_20250618_085635.jpg,63,37,1
capture_20250618_085641.jpg,65,137,1
capture_20250618_085646.jpg,106,144,1
capture_20250618_085651.jpg,152,119,1
capture_20250618_085657.jpg,185,66,1
capture_20250618_085704.jpg,95,43,1
capture_20250618_085710.jpg,67,126,1
capture_20250618_085716.jpg,118,144,1
capture_20250618_085721.jpg,172,107,1
capture_20250618_085726.jpg,64,145,1
capture_20250618_085735.jpg,32,42,1
capture_20250618_085745.jpg,47,185,1
capture_20250618_085751.jpg,132,181,1
capture_20250618_085756.jpg,182,137,1
capture_20250618_090653.jpg,120,67,1
capture_20250618_090703.jpg,49,62,1
capture_20250618_090708.jpg,81,96,1
capture_20250618_090714.jpg,112,130,1
capture_20250618_090728.jpg,140,64,1
capture_20250618_090736.jpg,172,49,1
capture_20250618_090747.jpg,130,64,1
capture_20250618_090756.jpg,109,106,1
capture_20250618_090803.jpg,92,147,1
capture_20250618_090809.jpg,167,144,1
capture_20250618_090815.jpg,158,90,1
capture_20250618_090821.jpg,195,34,1
capture_20250618_090828.jpg,178,30,1
capture_20250618_090852.jpg,203,37,1
capture_20250618_090906.jpg,167,33,1
capture_20250618_090913.jpg,107,59,1
capture_20250618_090923.jpg,109,111,1
capture_20250618_090928.jpg,156,157,1
capture_20250618_090934.jpg,65,167,1
capture_20250618_090940.jpg,92,118,1
capture_20250618_090945.jpg,152,85,1
capture_20250618_090953.jpg,93,65,1
capture_20250618_090959.jpg,164,65,1
capture_20250618_091036.jpg,76,65,1
capture_20250618_091048.jpg,80,145,1
capture_20250618_091055.jpg,148,164,1
capture_20250618_091101.jpg,161,93,1
capture_20250618_091106.jpg,169,46,1
capture_20250618_091111.jpg,70,95,1
capture_20250618_091116.jpg,125,165,1
capture_20250618_091122.jpg,178,175,1
capture_20250618_091127.jpg,179,109,1
capture_20250618_091134.jpg,105,77,1
capture_20250618_091141.jpg,56,110,1
capture_20250618_091147.jpg,184,52,1
capture_20250618_091240.jpg,128,27,1
capture_20250618_091247.jpg,176,126,1
capture_20250618_091254.jpg,58,94,1
capture_20250618_091259.jpg,73,169,1
capture_20250618_091308.jpg,155,154,1
capture_20250618_091317.jpg,191,41,1
capture_20250618_091323.jpg,117,61,1
capture_20250618_091329.jpg,115,165,1
capture_20250618_091335.jpg,89,115,1
capture_20250618_091343.jpg,198,106,1
capture_20250618_091351.jpg,170,170,1
capture_20250618_091359.jpg,25,198,1
capture_20250618_091407.jpg,34,186,1
capture_20250618_091412.jpg,72,134,1
capture_20250618_091420.jpg,56,200,1
capture_20250618_091435.jpg,169,93,1
capture_20250618_091446.jpg,181,180,1
capture_20250618_091455.jpg,80,65,1
capture_20250618_091502.jpg,68,157,1
capture_20250618_091515.jpg,183,67,1
capture_20250618_091522.jpg,112,67,1
capture_20250618_091529.jpg,102,178,1
capture_20250618_091536.jpg,175,160,1
capture_20250618_091542.jpg,57,74,1
capture_20250618_091548.jpg,137,44,1
capture_20250618_091554.jpg,40,169,1
capture_20250618_091601.jpg,183,176,1
capture_20250618_091606.jpg,96,88,1
capture_20250618_091611.jpg,152,103,1
capture_20250618_091615.jpg,77,141,1
capture_20250618_091620.jpg,120,135,1
capture_20250618_091625.jpg,137,50,1
capture_20250618_091629.jpg,62,100,1
capture_20250618_091634.jpg,140,144,1
capture_20250618_091641.jpg,111,79,1
capture_20250618_091648.jpg,164,96,1
capture_20250618_091656.jpg,82,85,1
capture_20250618_091703.jpg,122,92,1
capture_20250618_091801.jpg,188,64,1
capture_20250618_091806.jpg,130,55,1
capture_20250618_091813.jpg,84,127,1
capture_20250618_091819.jpg,153,150,1
capture_20250618_091828.jpg,83,165,1
capture_20250618_091840.jpg,153,119,1
capture_20250618_091846.jpg,103,71,1
capture_20250618_091851.jpg,175,59,1
capture_20250618_091856.jpg,106,156,1
capture_20250618_091903.jpg,193,156,1
capture_20250618_091924.jpg,88,56,1
capture_20250618_091929.jpg,181,55,1
capture_20250618_091957.jpg,171,147,1
capture_20250618_092004.jpg,90,99,1
capture_20250618_092010.jpg,66,149,1
capture_20250618_092248.jpg,144,110,1
capture_20250618_092255.jpg,140,70,1
capture_20250618_092302.jpg,193,67,1
capture_20250618_092337.jpg,85,64,1
capture_20250618_092342.jpg,125,150,1
capture_20250618_092349.jpg,61,177,1
capture_20250618_092355.jpg,156,164,1
capture_20250618_092401.jpg,182,100,1
capture_20250618_092406.jpg,128,56,1
capture_20250618_092412.jpg,98,107,1
capture_20250618_092417.jpg,139,162,1
capture_20250618_092423.jpg,73,166,1
capture_20250618_092429.jpg,93,124,1
capture_20250618_092434.jpg,185,117,1
capture_20250618_092444.jpg,190,179,1
capture_20250618_092449.jpg,188,129,1
capture_20250618_092454.jpg,42,47,1
capture_20250618_092459.jpg,130,67,1
capture_20250618_092505.jpg,72,166,1
capture_20250618_092511.jpg,149,182,1
capture_20250618_092516.jpg,127,91,1
capture_20250618_092521.jpg,171,115,1
capture_20250618_092526.jpg,72,129,1
capture_20250618_092534.jpg,142,74,1
capture_20250618_092539.jpg,173,173,1
capture_20250618_092544.jpg,63,160,1
capture_20250618_092555.jpg,187,39,1
capture_0.jpg,112,112,2
capture_1.jpg,112,112,2
capture_2.jpg,112,112,2
capture_3.jpg,112,112,2
capture_4.jpg,112,112,2
capture_5.jpg,112,112,2
capture_6.jpg,112,112,2
capture_7.jpg,112,112,2
capture_8.jpg,112,112,2
capture_9.jpg,112,112,2
capture_10.jpg,112,112,2
capture_11.jpg,112,112,2
capture_12.jpg,112,112,2
capture_13.jpg,112,112,2
capture_14.jpg,112,112,2
capture_15.jpg,112,112,2
capture_16.jpg,112,112,2
capture_17.jpg,112,112,2
capture_18.jpg,112,112,2
capture_19.jpg,112,112,2
capture_20.jpg,112,112,2
capture_21.jpg,112,112,2
capture_22.jpg,112,112,2
capture_23.jpg,112,112,2
capture_24.jpg,112,112,2
capture_25.jpg,112,112,2
capture_26.jpg,112,112,2
capture_27.jpg,112,112,2
capture_28.jpg,112,112,2
capture_29.jpg,112,112,2
capture_30.jpg,112,112,2
capture_31.jpg,112,112,2
capture_32.jpg,112,112,2
capture_33.jpg,112,112,2
capture_34.jpg,112,112,2
capture_35.jpg,112,112,2
capture_36.jpg,112,112,2
capture_37.jpg,112,112,2
capture_38.jpg,112,112,2
capture_39.jpg,112,112,2
capture_40.jpg,112,112,2
capture_41.jpg,112,112,2
capture_42.jpg,112,112,2
capture_43.jpg,112,112,2
capture_44.jpg,112,112,2
capture_45.jpg,112,112,2
capture_46.jpg,112,112,2
capture_47.jpg,112,112,2
capture_48.jpg,112,112,2
capture_49.jpg,112,112,2
capture_50.jpg,112,112,2
capture_51.jpg,112,112,2
capture_52.jpg,112,112,2
capture_53.jpg,112,112,2
capture_54.jpg,112,112,2
capture_55.jpg,112,112,2
capture_56.jpg,112,112,2
capture_57.jpg,112,112,2
capture_58.jpg,112,112,2
capture_59.jpg,112,112,2
capture_60.jpg,112,112,2
capture_61.jpg,112,112,2
capture_62.jpg,112,112,2
capture_63.jpg,112,112,2
capture_64.jpg,112,112,2
capture_65.jpg,112,112,2
capture_66.jpg,112,112,2
capture_67.jpg,112,112,2
capture_68.jpg,112,112,2
capture_69.jpg,112,112,2
capture_70.jpg,112,112,2
capture_71.jpg,112,112,2
capture_72.jpg,112,112,2
capture_73.jpg,112,112,2
capture_74.jpg,112,112,2
capture_75.jpg,112,112,2
capture_76.jpg,112,112,2
capture_77.jpg,112,112,2
capture_78.jpg,112,112,2
capture_79.jpg,112,112,2
capture_80.jpg,112,112,2
capture_81.jpg,112,112,2
capture_82.jpg,112,112,2
capture_83.jpg,112,112,2
capture_84.jpg,112,112,2
capture_85.jpg,112,112,2
capture_86.jpg,112,112,2
capture_87.jpg,112,112,2
capture_88.jpg,112,112,2
capture_89.jpg,112,112,2
capture_90.jpg,112,112,2
capture_91.jpg,112,112,2
capture_92.jpg,112,112,2
capture_93.jpg,112,112,2
capture_94.jpg,112,112,2
capture_95.jpg,112,112,2
capture_96.jpg,112,112,2
capture_97.jpg,112,112,2
capture_98.jpg,112,112,2
capture_99.jpg,112,112,2
capture_100.jpg,112,112,2
capture_101.jpg,112,112,2
capture_102.jpg,112,112,2
capture_103.jpg,112,112,2
capture_104.jpg,112,112,2
capture_105.jpg,112,112,2
capture_106.jpg,112,112,2
capture_107.jpg,112,112,2
capture_108.jpg,112,112,2
capture_109.jpg,112,112,2
capture_110.jpg,112,112,2
capture_111.jpg,112,112,2
capture_112.jpg,112,112,2
capture_113.jpg,112,112,2
capture_114.jpg,112,112,2
capture_115.jpg,112,112,2
capture_116.jpg,112,112,2
capture_117.jpg,112,112,2
capture_118.jpg,112,112,2
capture_119.jpg,112,112,2
capture_120.jpg,112,112,2
capture_121.jpg,112,112,2
capture_122.jpg,112,112,2
capture_123.jpg,112,112,2
capture_124.jpg,112,112,2
capture_125.jpg,112,112,2
capture_126.jpg,112,112,2
capture_127.jpg,112,112,2
capture_128.jpg,112,112,2
capture_129.jpg,112,112,2
capture_130.jpg,112,112,2
capture_131.jpg,112,112,2
capture_132.jpg,112,112,2
capture_133.jpg,112,112,2
capture_134.jpg,112,112,2
capture_135.jpg,112,112,2
capture_136.jpg,112,112,2
capture_137.jpg,112,112,2
capture_138.jpg,112,112,2
capture_139.jpg,112,112,2
capture_140.jpg,112,112,2
capture_141.jpg,112,112,2
capture_142.jpg,112,112,2
capture_143.jpg,112,112,2
capture_144.jpg,112,112,2
capture_145.jpg,112,112,2
capture_146.jpg,112,112,2
capture_147.jpg,112,112,2
capture_148.jpg,112,112,2
capture_149.jpg,112,112,2
capture_150.jpg,112,112,2
capture_151.jpg,112,112,2
capture_152.jpg,112,112,2
capture_153.jpg,112,112,2
capture_154.jpg,112,112,2
capture_155.jpg,112,112,2
capture_156.jpg,112,112,2
capture_157.jpg,112,112,2
capture_158.jpg,112,112,2
capture_159.jpg,112,112,2
capture_160.jpg,112,112,2
capture_161.jpg,112,112,2
capture_162.jpg,112,112,2
capture_163.jpg,112,112,2
capture_164.jpg,112,112,2
capture_165.jpg,112,112,2
capture_166.jpg,112,112,2
capture_167.jpg,112,112,2
capture_168.jpg,112,112,2
capture_169.jpg,112,112,2
capture_170.jpg,112,112,2
capture_171.jpg,112,112,2
capture_172.jpg,112,112,2
capture_173.jpg,112,112,2
capture_174.jpg,112,112,2
capture_175.jpg,112,112,2
capture_176.jpg,112,112,2
capture_177.jpg,112,112,2
capture_178.jpg,112,112,2
capture_179.jpg,112,112,2
capture_180.jpg,112,112,2
capture_181.jpg,112,112,2
capture_182.jpg,112,112,2
capture_183.jpg,112,112,2
capture_184.jpg,112,112,2
capture_185.jpg,112,112,2
capture_186.jpg,112,112,2
capture_187.jpg,112,112,2
capture_188.jpg,112,112,2
capture_189.jpg,112,112,2
capture_190.jpg,112,112,2
capture_191.jpg,112,112,2
capture_192.jpg,112,112,2
capture_193.jpg,112,112,2
capture_194.jpg,112,112,2
capture_195.jpg,112,112,2
capture_196.jpg,112,112,2
capture_197.jpg,112,112,2
capture_198.jpg,112,112,2
capture_199.jpg,112,112,2
capture_200.jpg,112,112,2
capture_201.jpg,112,112,2
capture_202.jpg,112,112,2
capture_203.jpg,112,112,2
capture_204.jpg,112,112,2
capture_205.jpg,112,112,2
capture_206.jpg,112,112,2
capture_207.jpg,112,112,2
capture_208.jpg,112,112,2
capture_209.jpg,112,112,2
capture_210.jpg,112,112,2
capture_211.jpg,112,112,2
capture_212.jpg,112,112,2
capture_213.jpg,112,112,2
capture_214.jpg,112,112,2
capture_215.jpg,112,112,2
capture_216.jpg,112,112,2
capture_217.jpg,112,112,2
capture_218.jpg,112,112,2
capture_219.jpg,112,112,2
capture_220.jpg,112,112,2
capture_221.jpg,112,112,2
capture_222.jpg,112,112,2
capture_223.jpg,112,112,2
capture_224.jpg,112,112,2
capture_225.jpg,112,112,2
capture_226.jpg,112,112,2
capture_227.jpg,112,112,2
capture_228.jpg,112,112,2
capture_229.jpg,112,112,2
capture_230.jpg,112,112,2
capture_231.jpg,112,112,2
capture_232.jpg,112,112,2
capture_233.jpg,112,112,2
capture_234.jpg,112,112,2
capture_235.jpg,112,112,2
capture_236.jpg,112,112,2
capture_237.jpg,112,112,2
capture_238.jpg,112,112,2
capture_239.jpg,112,112,2
capture_240.jpg,112,112,2
capture_241.jpg,112,112,2
capture_242.jpg,112,112,2
capture_243.jpg,112,112,2
capture_244.jpg,112,112,2
capture_245.jpg,112,112,2
capture_246.jpg,112,112,2
capture_247.jpg,112,112,2
capture_248.jpg,112,112,2
capture_249.jpg,112,112,2
capture_250.jpg,112,112,2
capture_251.jpg,112,112,2
capture_252.jpg,112,112,2
capture_253.jpg,112,112,2
capture_254.jpg,112,112,2
capture_255.jpg,112,112,2
capture_256.jpg,112,112,2
capture_257.jpg,112,112,2
capture_258.jpg,112,112,2
capture_259.jpg,112,112,2
capture_260.jpg,112,112,2
capture_261.jpg,112,112,2
capture_262.jpg,112,112,2
capture_263.jpg,112,112,2
capture_264.jpg,112,112,2
capture_265.jpg,112,112,2
capture_266.jpg,112,112,2
capture_267.jpg,112,112,2
capture_268.jpg,112,112,2
capture_269.jpg,112,112,2
capture_270.jpg,112,112,2
capture_271.jpg,112,112,2
capture_272.jpg,112,112,2
capture_273.jpg,112,112,2
capture_274.jpg,112,112,2
capture_275.jpg,112,112,2
capture_276.jpg,112,112,2
capture_277.jpg,112,112,2
capture_278.jpg,112,112,2
capture_279.jpg,112,112,2
capture_280.jpg,112,112,2
capture_281.jpg,112,112,2
capture_282.jpg,112,112,2
capture_283.jpg,112,112,2
capture_284.jpg,112,112,2
capture_285.jpg,112,112,2
capture_286.jpg,112,112,2
capture_287.jpg,112,112,2
capture_288.jpg,112,112,2
capture_289.jpg,112,112,2
capture_290.jpg,112,112,2
capture_291.jpg,112,112,2
capture_292.jpg,112,112,2
capture_293.jpg,112,112,2
capture_294.jpg,112,112,2
capture_295.jpg,112,112,2
capture_296.jpg,112,112,2
capture_297.jpg,112,112,2
capture_298.jpg,112,112,2
capture_299.jpg,112,112,2
capture_300.jpg,112,112,2
capture_301.jpg,112,112,2
capture_302.jpg,112,112,2
capture_303.jpg,112,112,2
capture_304.jpg,112,112,2
capture_305.jpg,112,112,2
capture_306.jpg,112,112,2
capture_307.jpg,112,112,2
capture_308.jpg,112,112,2
capture_309.jpg,112,112,2
capture_310.jpg,112,112,2
capture_311.jpg,112,112,2
capture_312.jpg,112,112,2
capture_313.jpg,112,112,2
capture_314.jpg,112,112,2
capture_315.jpg,112,112,2
capture_316.jpg,112,112,2
capture_317.jpg,112,112,2
capture_318.jpg,112,112,2
capture_319.jpg,112,112,2
capture_320.jpg,112,112,2
capture_321.jpg,112,112,2
capture_322.jpg,112,112,2
capture_323.jpg,112,112,2
capture_324.jpg,112,112,2
capture_325.jpg,112,112,2
capture_326.jpg,112,112,2
capture_327.jpg,112,112,2
capture_328.jpg,112,112,2
capture_329.jpg,112,112,2
capture_330.jpg,112,112,2
capture_331.jpg,112,112,2
capture_332.jpg,112,112,2
capture_333.jpg,112,112,2
capture_334.jpg,112,112,2
capture_335.jpg,112,112,2
capture_336.jpg,112,112,2
capture_337.jpg,112,112,2
capture_338.jpg,112,112,2
capture_339.jpg,112,112,2
capture_340.jpg,112,112,2
capture_341.jpg,112,112,2
capture_342.jpg,112,112,2
capture_343.jpg,112,112,2
capture_344.jpg,112,112,2
capture_345.jpg,112,112,2
capture_346.jpg,112,112,2
capture_347.jpg,112,112,2
capture_348.jpg,112,112,2
capture_349.jpg,112,112,2
capture_350.jpg,112,112,2
capture_351.jpg,112,112,2
capture_352.jpg,112,112,2
capture_353.jpg,112,112,2
capture_354.jpg,112,112,2
capture_355.jpg,112,112,2
capture_356.jpg,112,112,2
capture_357.jpg,112,112,2
capture_358.jpg,112,112,2
capture_359.jpg,112,112,2
capture_360.jpg,112,112,2
capture_361.jpg,112,112,2
capture_362.jpg,112,112,2
capture_363.jpg,112,112,2
capture_364.jpg,112,112,2
capture_365.jpg,112,112,2
capture_366.jpg,112,112,2
capture_367.jpg,112,112,2
capture_368.jpg,112,112,2
capture_369.jpg,112,112,2
capture_370.jpg,112,112,2
capture_371.jpg,112,112,2
capture_372.jpg,112,112,2
capture_373.jpg,112,112,2
capture_374.jpg,112,112,2
capture_375.jpg,112,112,2
capture_376.jpg,112,112,2
capture_377.jpg,112,112,2
capture_378.jpg,112,112,2
capture_379.jpg,112,112,2
capture_380.jpg,112,112,2
capture_381.jpg,112,112,2
capture_382.jpg,112,112,2
capture_383.jpg,112,112,2
capture_384.jpg,112,112,2
capture_385.jpg,112,112,2
capture_386.jpg,112,112,2
capture_387.jpg,112,112,2
capture_388.jpg,112,112,2
capture_389.jpg,112,112,2
capture_390.jpg,112,112,2
capture_391.jpg,112,112,2
capture_392.jpg,112,112,2
capture_393.jpg,112,112,2
capture_394.jpg,112,112,2
capture_395.jpg,112,112,2
capture_396.jpg,112,112,2
capture_397.jpg,112,112,2
capture_398.jpg,112,112,2
capture_399.jpg,112,112,2
capture_400.jpg,112,112,2
capture_401.jpg,112,112,2
capture_402.jpg,112,112,2
capture_403.jpg,112,112,2
capture_404.jpg,112,112,2
capture_405.jpg,112,112,2
capture_406.jpg,112,112,2
capture_407.jpg,112,112,2
capture_408.jpg,112,112,2
capture_409.jpg,112,112,2
capture_410.jpg,112,112,2
capture_411.jpg,112,112,2
capture_412.jpg,112,112,2
capture_413.jpg,112,112,2
capture_414.jpg,112,112,2
capture_415.jpg,112,112,2
capture_416.jpg,112,112,2
capture_417.jpg,112,112,2
capture_418.jpg,112,112,2
capture_419.jpg,112,112,2
capture_420.jpg,112,112,2
capture_421.jpg,112,112,2
capture_422.jpg,112,112,2
capture_423.jpg,112,112,2
capture_424.jpg,112,112,2
capture_425.jpg,112,112,2
capture_426.jpg,112,112,2
capture_427.jpg,112,112,2
capture_428.jpg,112,112,2
capture_429.jpg,112,112,2
capture_430.jpg,112,112,2
capture_431.jpg,112,112,2
capture_432.jpg,112,112,2
capture_433.jpg,112,112,2
capture_434.jpg,112,112,2
capture_435.jpg,112,112,2
capture_436.jpg,112,112,2
capture_437.jpg,112,112,2
capture_438.jpg,112,112,2
capture_439.jpg,112,112,2
capture_440.jpg,112,112,2
capture_441.jpg,112,112,2
capture_442.jpg,112,112,2
capture_443.jpg,112,112,2
capture_444.jpg,112,112,2
capture_445.jpg,112,112,2
capture_446.jpg,112,112,2
capture_447.jpg,112,112,2
capture_448.jpg,112,112,2
capture_449.jpg,112,112,2
capture_450.jpg,112,112,2
capture_451.jpg,112,112,2
capture_452.jpg,112,112,2
capture_453.jpg,112,112,2
capture_454.jpg,112,112,2
capture_455.jpg,112,112,2
capture_456.jpg,112,112,2
capture_457.jpg,112,112,2
capture_458.jpg,112,112,2
capture_459.jpg,112,112,2
capture_460.jpg,112,112,2
capture_461.jpg,112,112,2
capture_462.jpg,112,112,2
capture_463.jpg,112,112,2
capture_464.jpg,112,112,2
capture_465.jpg,112,112,2
capture_466.jpg,112,112,2
capture_467.jpg,112,112,2
capture_468.jpg,112,112,2
capture_469.jpg,112,112,2
capture_470.jpg,112,112,2
capture_471.jpg,112,112,2
capture_472.jpg,112,112,2
capture_473.jpg,112,112,2
capture_474.jpg,112,112,2
capture_475.jpg,112,112,2
capture_476.jpg,112,112,2
capture_477.jpg,112,112,2
capture_478.jpg,112,112,2
capture_479.jpg,112,112,2
capture_480.jpg,112,112,2
capture_481.jpg,112,112,2
capture_482.jpg,112,112,2
capture_483.jpg,112,112,2
capture_484.jpg,112,112,2
capture_485.jpg,112,112,2
capture_486.jpg,112,112,2
capture_487.jpg,112,112,2
capture_488.jpg,112,112,2
capture_489.jpg,112,112,2
capture_490.jpg,112,112,2
capture_491.jpg,112,112,2
capture_492.jpg,112,112,2
capture_493.jpg,112,112,2
capture_494.jpg,112,112,2
capture_495.jpg,112,112,2
capture_496.jpg,112,112,2
capture_497.jpg,112,112,2
capture_498.jpg,112,112,2
capture_499.jpg,112,112,2
